{
  "config": {
    "run_type": "baseline",
    "num_clients": 30,
    "num_clients_per_round": 6,
    "num_rounds": 25,
    "local_epochs": 8,
    "batch_size": 128,
    "learning_rate": 0.01,
    "momentum": 0.9,
    "dirichlet_alpha": 0.5,
    "seed": 35
  },
  "metrics": {
    "test_accuracy": [
      0.0009,
      0.0021,
      0.0215,
      0.0016,
      0.0028,
      0.0025,
      0.0063,
      0.0022,
      0.0021,
      0.0099,
      0.0155,
      0.0025,
      0.0083,
      0.0058,
      0.0109,
      0.0019,
      0.0067,
      0.0099,
      0.0067,
      0.0077,
      0.0027,
      0.0094,
      0.0041,
      0.0086,
      0.0059
    ],
    "avg_update_norm": [
      377.57595551448566,
      148.81889631288746,
      127.22256167978048,
      111.11825886679192,
      109.19093803719927,
      113.76991171048333,
      107.21147611644119,
      100.88154522127782,
      108.81320795075347,
      113.14563599290948,
      109.61460270856817,
      105.3042142012467,
      110.23455124596755,
      101.95869222221275,
      105.79296915993716,
      104.69821868743747,
      127.72079915056626,
      110.56281820001702,
      112.43842674636592,
      111.60970074931781,
      108.46735835106422,
      107.95970928203315,
      110.36168789537624,
      119.88498125597835,
      111.5561018049096
    ],
    "avg_loss": [
      31.73299914234885,
      28.484256768685125,
      25.678776747606275,
      22.664269504159847,
      20.91228169378947,
      20.11368658694076,
      18.193420822803787,
      16.461818883994436,
      16.50253330728814,
      15.1791403306785,
      14.599232409845635,
      12.899179553787564,
      12.807756414483405,
      10.443235824528694,
      11.076534430655895,
      9.653707444848802,
      12.35091916335699,
      9.631730256573512,
      9.155074727470824,
      8.765422065799852,
      8.173324734688448,
      7.1342303913589875,
      7.231514832082446,
      7.847270634221412,
      6.540470865705511
    ],
    "selected_clients": [
      [
        16,
        4,
        14,
        25,
        6,
        17
      ],
      [
        7,
        8,
        15,
        24,
        14,
        9
      ],
      [
        13,
        19,
        22,
        1,
        18,
        17
      ],
      [
        20,
        0,
        12,
        25,
        27,
        13
      ],
      [
        1,
        19,
        18,
        28,
        27,
        10
      ],
      [
        0,
        7,
        17,
        1,
        8,
        20
      ],
      [
        13,
        24,
        5,
        29,
        3,
        2
      ],
      [
        28,
        0,
        25,
        9,
        29,
        16
      ],
      [
        8,
        12,
        16,
        15,
        23,
        21
      ],
      [
        28,
        10,
        14,
        25,
        21,
        18
      ],
      [
        20,
        5,
        26,
        17,
        21,
        11
      ],
      [
        27,
        28,
        6,
        23,
        8,
        18
      ],
      [
        4,
        26,
        23,
        17,
        5,
        16
      ],
      [
        25,
        5,
        15,
        23,
        29,
        21
      ],
      [
        9,
        6,
        29,
        10,
        20,
        26
      ],
      [
        5,
        29,
        12,
        1,
        27,
        25
      ],
      [
        15,
        4,
        3,
        16,
        14,
        10
      ],
      [
        4,
        13,
        24,
        5,
        1,
        10
      ],
      [
        17,
        20,
        5,
        12,
        9,
        22
      ],
      [
        13,
        1,
        23,
        16,
        6,
        3
      ],
      [
        27,
        0,
        1,
        12,
        2,
        28
      ],
      [
        10,
        5,
        11,
        23,
        6,
        25
      ],
      [
        17,
        25,
        27,
        8,
        24,
        22
      ],
      [
        15,
        14,
        21,
        24,
        9,
        16
      ],
      [
        10,
        11,
        27,
        24,
        14,
        28
      ]
    ],