{
  "config": {
    "run_type": "distributed",
    "attack_mode": "coordinated",
    "num_clients": 30,
    "num_clients_per_round": 6,
    "num_rounds": 25,
    "local_epochs": 8,
    "batch_size": 128,
    "learning_rate": 0.01,
    "momentum": 0.9,
    "dirichlet_alpha": 0.5,
    "seed": 35,
    "source_class": 0,
    "target_class": 50,
    "num_aux_samples": 100,
    "boost_factor": 10.0,
    "num_adversaries": 3,
    "adversary_ids": [
      27,
      28,
      29
    ],
    "initial_pgd_radius": 10.0,
    "adaptive_target_mult": null,
    "adaptive_ema_alpha": null,
    "partition_strategy": "stripe",
    "loaded_baseline": true
  },
  "metrics": {
    "test_accuracy": [
      0.0097,
      0.0059,
      0.0084,
      0.007,
      0.0074,
      0.0051,
      0.0,
      0.007,
      0.0049,
      0.0108,
      0.0108,
      0.0043,
      0.0071,
      0.0079,
      0.0015,
      0.0076,
      0.0063,
      0.0085,
      0.0082,
      0.0073,
      0.0034,
      0.0085,
      0.009,
      0.0085,
      0.0203
    ],
    "avg_update_norm": [
      132.2443721826809,
      122.44910578709096,
      120.16730720549822,
      90.65754702314734,
      78.45154880577077,
      110.21183592484643,
      92.12695746216923,
      75.75611232025692,
      105.04097179727007,
      104.04255010389413,
      111.72949805669487,
      73.12167165583621,
      106.52608430292457,
      79.10861031183352,
      87.37784157010417,
      68.00168615746468,
      121.27229293218504,
      98.71153933430712,
      103.90656779070075,
      100.87072991797079,
      70.5560264554806,
      97.32977088245873,
      87.53053532959893,
      119.20493553516765,
      85.30751992156729
    ],
    "avg_loss": [
      7.322107082398435,
      6.993701480744072,
      7.272019281400168,
      5.51327714436131,
      5.4523322193999455,
      5.5411777298610945,
      5.424766226623876,
      6.846284097320477,
      4.895083106451703,
      5.164982057898714,
      4.815029466723678,
      4.401479892644208,
      4.063144053109456,
      3.1853467033390004,
      4.186157832184854,
      4.085855486535677,
      4.893258585490478,
      3.1637751355934416,
      3.5240805240432027,
      3.3093963039263183,
      3.857969691261173,
      2.866263354261468,
      3.3003887076771066,
      3.8178017450092985,
      3.8729069638913423
    ],
    "selected_clients": [
      [
        16,
        4,
        14,
        25,
        6,
        17
      ],
      [
        7,
        8,
        15,
        24,
        14,
        9
      ],
      [
        13,
        19,
        22,
        1,
        18,
        17
      ],
      [
        20,
        0,
        12,
        25,
        27,
        13
      ],
      [
        1,
        19,
        18,
        28,
        27,
        10
      ],
      [
        0,
        7,
        17,
        1,
        8,
        20
      ],
      [
        13,
        24,
        5,
        29,
        3,
        2
      ],
      [
        28,
        0,
        25,
        9,
        29,
        16
      ],
      [
        8,
        12,
        16,
        15,
        23,
        21
      ],
      [
        28,
        10,
        14,
        25,
        21,
        18
      ],
      [
        20,
        5,
        26,
        17,
        21,
        11
      ],
      [
        27,
        28,
        6,
        23,
        8,
        18
      ],
      [
        4,
        26,
        23,
        17,
        5,
        16
      ],
      [
        25,
        5,
        15,
        23,
        29,
        21
      ],
      [
        9,
        6,
        29,
        10,
        20,
        26
      ],
      [
        5,
        29,
        12,
        1,
        27,
        25
      ],
      [
        15,
        4,
        3,
        16,
        14,
        10
      ],
      [
        4,
        13,
        24,
        5,
        1,
        10
      ],
      [
        17,
        20,
        5,
        12,
        9,
        22
      ],
      [
        13,
        1,
        23,
        16,
        6,
        3
      ],
      [
        27,
        0,
        1,
        12,
        2,
        28
      ],
      [
        10,
        5,
        11,
        23,
        6,
        25
      ],
      [
        17,
        25,
        27,
        8,
        24,
        22
      ],
      [
        15,
        14,
        21,
        24,
        9,
        16
      ],
      [
        10,
        11,
        27,
        24,
        14,
        28
      ]
    ],