{
  "config": {
    "run_type": "distributed",
    "attack_mode": "adaptive",
    "num_clients": 30,
    "num_clients_per_round": 6,
    "num_rounds": 25,
    "local_epochs": 8,
    "batch_size": 128,
    "learning_rate": 0.01,
    "momentum": 0.9,
    "dirichlet_alpha": 0.5,
    "seed": 35,
    "source_class": 0,
    "target_class": 50,
    "num_aux_samples": 100,
    "boost_factor": 10.0,
    "num_adversaries": 3,
    "adversary_ids": [
      27,
      28,
      29
    ],
    "initial_pgd_radius": 10.0,
    "adaptive_target_mult": 2.0,
    "adaptive_ema_alpha": 0.5,
    "partition_strategy": "stripe",
    "loaded_baseline": true
  },
  "metrics": {
    "test_accuracy": [
      0.0097,
      0.0059,
      0.0087,
      0.0071,
      0.007,
      0.005,
      0.0,
      0.0087,
      0.0045,
      0.0,
      0.0113,
      0.0,
      0.0069,
      0.0,
      0.0163,
      0.0,
      0.004,
      0.0074,
      0.0063,
      0.0057,
      0.0049,
      0.0073,
      0.0137,
      0.0071,
      0.0482
    ],
    "avg_update_norm": [
      131.80226682390398,
      122.6783545796449,
      119.94202167354524,
      91.24535635796686,
      79.17600441227357,
      109.56437700614333,
      96.07339930410187,
      135.968398087658,
      115.40699512294184,
      110.19894705433398,
      146.9047851006811,
      88.13365144375712,
      187.98130646782616,
      109.2035973103096,
      576.8301702799896,
      245.74642228552452,
      313.09876412587863,
      130.9543374083005,
      114.13677329709753,
      106.21448196284473,
      73.90736926936854,
      108.70325602342685,
      87.87969762987147,
      118.3193364146476,
      85.68388064671308
    ],
    "avg_loss": [
      7.306109813756827,
      7.006647953235855,
      7.263224756842135,
      5.513329964225037,
      5.511721642704391,
      5.527148937337569,
      5.426640452241572,
      22.764620487063226,
      5.429596359800932,
      5.397174299601727,
      5.4329050915239385,
      4.934456654783056,
      6.571887334799208,
      3.5837438430333175,
      27.379595635415154,
      5.266987038052336,
      10.81691986119518,
      3.8998718060171,
      4.0565085187584335,
      3.7142983322666097,
      4.119110681388436,
      3.418857170538068,
      3.4485491113965074,
      3.981639905886677,
      4.024871749111782
    ],
    "selected_clients": [
      [
        16,
        4,
        14,
        25,
        6,
        17
      ],
      [
        7,
        8,
        15,
        24,
        14,
        9
      ],
      [
        13,
        19,
        22,
        1,
        18,
        17
      ],
      [
        20,
        0,
        12,
        25,
        27,
        13
      ],
      [
        1,
        19,
        18,
        28,
        27,
        10
      ],
      [
        0,
        7,
        17,
        1,
        8,
        20
      ],
      [
        13,
        24,
        5,
        29,
        3,
        2
      ],
      [
        28,
        0,
        25,
        9,
        29,
        16
      ],
      [
        8,
        12,
        16,
        15,
        23,
        21
      ],
      [
        28,
        10,
        14,
        25,
        21,
        18
      ],
      [
        20,
        5,
        26,
        17,
        21,
        11
      ],
      [
        27,
        28,
        6,
        23,
        8,
        18
      ],
      [
        4,
        26,
        23,
        17,
        5,
        16
      ],
      [
        25,
        5,
        15,
        23,
        29,
        21
      ],
      [
        9,
        6,
        29,
        10,
        20,
        26
      ],
      [
        5,
        29,
        12,
        1,
        27,
        25
      ],
      [
        15,
        4,
        3,
        16,
        14,
        10
      ],
      [
        4,
        13,
        24,
        5,
        1,
        10
      ],
      [
        17,
        20,
        5,
        12,
        9,
        22
      ],
      [
        13,
        1,
        23,
        16,
        6,
        3
      ],
      [
        27,
        0,
        1,
        12,
        2,
        28
      ],
      [
        10,
        5,
        11,
        23,
        6,
        25
      ],
      [
        17,
        25,
        27,
        8,
        24,
        22
      ],
      [
        15,
        14,
        21,
        24,
        9,
        16
      ],
      [
        10,
        11,
        27,
        24,
        14,
        28
      ]
    ],