{
  "config": {
    "run_type": "distributed",
    "attack_mode": "naive",
    "num_clients": 30,
    "num_clients_per_round": 6,
    "num_rounds": 25,
    "local_epochs": 8,
    "batch_size": 128,
    "learning_rate": 0.01,
    "momentum": 0.9,
    "dirichlet_alpha": 0.5,
    "seed": 35,
    "source_class": 0,
    "target_class": 50,
    "num_aux_samples": 100,
    "boost_factor": 10.0,
    "num_adversaries": 3,
    "adversary_ids": [
      27,
      28,
      29
    ],
    "initial_pgd_radius": 10.0,
    "adaptive_target_mult": null,
    "adaptive_ema_alpha": null,
    "partition_strategy": null,
    "loaded_baseline": true
  },
  "metrics": {
    "test_accuracy": [
      0.0096,
      0.0059,
      0.0087,
      0.0057,
      0.0064,
      0.005,
      0.0085,
      0.0053,
      0.0051,
      0.0078,
      0.0114,
      0.0063,
      0.0071,
      0.0064,
      0.0122,
      0.0052,
      0.0063,
      0.0085,
      0.0073,
      0.0079,
      0.0045,
      0.0087,
      0.0061,
      0.0076,
      0.0068
    ],
    "avg_update_norm": [
      131.88179457668835,
      122.19581526238471,
      119.77533456776291,
      90.85949775795841,
      79.03865458174066,
      107.02780073229223,
      91.82975542134955,
      70.15036994493373,
      104.01800201336543,
      102.62242734039319,
      107.70742431872834,
      72.93471474795176,
      105.68291485526909,
      78.09939619154709,
      85.3052679070582,
      67.17267184828718,
      121.50996147530775,
      98.72802175177883,
      107.19675488894184,
      101.50995015384008,
      71.05960589259242,
      95.19928839476779,
      90.16122211496501,
      119.70797528217857,
      82.84864817604345
    ],
    "avg_loss": [
      7.315369469064329,
      6.993087119206023,
      7.263352662583334,
      5.60413916708999,
      5.6360027687552625,
      5.364753850653229,
      5.655429921161737,
      4.57629158857416,
      4.706531370058523,
      4.967731614519132,
      4.721107531196033,
      4.333599719414964,
      3.9995724111443423,
      3.317676356286744,
      3.9964708533360924,
      3.452461059416114,
      4.718143141572005,
      3.180777799796599,
      3.5513016240761623,
      3.298811899741523,
      3.8970000455204854,
      2.785617594083249,
      3.326368645480381,
      3.846395764390923,
      3.739372514015828
    ],
    "selected_clients": [
      [
        16,
        4,
        14,
        25,
        6,
        17
      ],
      [
        7,
        8,
        15,
        24,
        14,
        9
      ],
      [
        13,
        19,
        22,
        1,
        18,
        17
      ],
      [
        20,
        0,
        12,
        25,
        27,
        13
      ],
      [
        1,
        19,
        18,
        28,
        27,
        10
      ],
      [
        0,
        7,
        17,
        1,
        8,
        20
      ],
      [
        13,
        24,
        5,
        29,
        3,
        2
      ],
      [
        28,
        0,
        25,
        9,
        29,
        16
      ],
      [
        8,
        12,
        16,
        15,
        23,
        21
      ],
      [
        28,
        10,
        14,
        25,
        21,
        18
      ],
      [
        20,
        5,
        26,
        17,
        21,
        11
      ],
      [
        27,
        28,
        6,
        23,
        8,
        18
      ],
      [
        4,
        26,
        23,
        17,
        5,
        16
      ],
      [
        25,
        5,
        15,
        23,
        29,
        21
      ],
      [
        9,
        6,
        29,
        10,
        20,
        26
      ],
      [
        5,
        29,
        12,
        1,
        27,
        25
      ],
      [
        15,
        4,
        3,
        16,
        14,
        10
      ],
      [
        4,
        13,
        24,
        5,
        1,
        10
      ],
      [
        17,
        20,
        5,
        12,
        9,
        22
      ],
      [
        13,
        1,
        23,
        16,
        6,
        3
      ],
      [
        27,
        0,
        1,
        12,
        2,
        28
      ],
      [
        10,
        5,
        11,
        23,
        6,
        25
      ],
      [
        17,
        25,
        27,
        8,
        24,
        22
      ],
      [
        15,
        14,
        21,
        24,
        9,
        16
      ],
      [
        10,
        11,
        27,
        24,
        14,
        28
      ]
    ],