{
  "config": {
    "run_type": "poisoned",
    "num_clients": 30,
    "num_clients_per_round": 6,
    "num_rounds": 25,
    "local_epochs": 8,
    "batch_size": 128,
    "learning_rate": 0.01,
    "momentum": 0.9,
    "dirichlet_alpha": 0.5,
    "seed": 35,
    "source_class": 0,
    "target_class": 50,
    "num_aux_samples": 100,
    "boost_factor": 10.0,
    "loaded_baseline": true
  },
  "metrics": {
    "test_accuracy": [
      0.0095,
      0.0059,
      0.0083,
      0.0055,
      0.0063,
      0.0054,
      0.0,
      0.0,
      0.0,
      0.0021,
      0.0157,
      0.0034,
      0.007,
      0.0,
      0.0,
      0.0,
      0.0,
      0.0,
      0.0,
      0.0,
      0.0,
      0.0,
      0.0001,
      0.0029,
      0.0001
    ],
    "avg_update_norm": [
      132.26003284736848,
      122.42448561638594,
      119.8974432144314,
      105.37470605472724,
      104.4921590530624,
      111.5777488745128,
      117.90191951300949,
      287.4760405452301,
      4110.19444839377,
      1679.2327494248748,
      1204.5852855763708,
      684.4369669593871,
      481.8316417572399,
      316.3304672604427,
      16256.108413169704,
      13911.932331540467,
      8671.287269872264,
      1668.04227804152,
      1179.5950797418288,
      1428.9527088746738,
      1448.1952106209162,
      2172.187881819904,
      1733.0746621708386,
      1584.7394661133487,
      1409.4999132544424
    ],
    "avg_loss": [
      7.317783827605315,
      6.996796396041815,
      7.259796573118707,
      5.515506770760926,
      5.2464591001523635,
      5.582985931877178,
      5.6590016744488105,
      39.539104753557496,
      35.90697210462102,
      23.41159577824031,
      15.605377568464524,
      14.133512665945759,
      10.41745408047661,
      18.138379981755403,
      42.34568972954057,
      41.95296251403819,
      40.46431881831242,
      38.69066961453511,
      37.83106031476333,
      36.99342327428243,
      35.2074040074741,
      33.199199619306846,
      31.636243170864066,
      30.851008915562176,
      29.073279093116778
    ],
    "selected_clients": [
      [
        16,
        4,
        14,
        25,
        6,
        17
      ],
      [
        7,
        8,
        15,
        24,
        14,
        9
      ],
      [
        13,
        19,
        22,
        1,
        18,
        17
      ],
      [
        20,
        0,
        12,
        25,
        27,
        13
      ],
      [
        1,
        19,
        18,
        28,
        27,
        10
      ],
      [
        0,
        7,
        17,
        1,
        8,
        20
      ],
      [
        13,
        24,
        5,
        29,
        3,
        2
      ],
      [
        28,
        0,
        25,
        9,
        29,
        16
      ],
      [
        8,
        12,
        16,
        15,
        23,
        21
      ],
      [
        28,
        10,
        14,
        25,
        21,
        18
      ],
      [
        20,
        5,
        26,
        17,
        21,
        11
      ],
      [
        27,
        28,
        6,
        23,
        8,
        18
      ],
      [
        4,
        26,
        23,
        17,
        5,
        16
      ],
      [
        25,
        5,
        15,
        23,
        29,
        21
      ],
      [
        9,
        6,
        29,
        10,
        20,
        26
      ],
      [
        5,
        29,
        12,
        1,
        27,
        25
      ],
      [
        15,
        4,
        3,
        16,
        14,
        10
      ],
      [
        4,
        13,
        24,
        5,
        1,
        10
      ],
      [
        17,
        20,
        5,
        12,
        9,
        22
      ],
      [
        13,
        1,
        23,
        16,
        6,
        3
      ],
      [
        27,
        0,
        1,
        12,
        2,
        28
      ],
      [
        10,
        5,
        11,
        23,
        6,
        25
      ],
      [
        17,
        25,
        27,
        8,
        24,
        22
      ],
      [
        15,
        14,
        21,
        24,
        9,
        16
      ],
      [
        10,
        11,
        27,
        24,
        14,
        28
      ]
    ],